ideal_time_category,active_time,task_completion_rate,application_switches
Core Working Hours,195.57432432432432,0.7417186968080571,10.283783783783784
Flexible Working Hours,198.89763779527559,0.7648193764871394,9.37007874015748
Non-Working Hours,196.78666666666666,0.7568941806476049,10.488888888888889
