activity,avg_productivity,activity_count,total_productivity
Deep Work,1.1064,25,27.66
Project Planning,0.8075,24,19.38
Design,0.7557142857142857,21,15.87
Coding,0.7352380952380952,21,15.44
Learning,0.1758333333333333,24,4.22
Administrative Tasks,0.13814814814814816,27,3.73
Meetings,0.12878787878787878,33,4.25
Email Management,0.0848,25,2.12
