hour_of_day,avg_productivity,activity_count
15,1.2757142857142856,7
14,1.1,5
13,1.035,4
11,0.96,6
10,0.9572727272727272,11
12,0.954,5
8,0.8391666666666667,12
9,0.8375,12
17,0.7516666666666666,6
7,0.493,10
16,0.48,5
6,0.4388888888888889,9
18,0.4375,8
19,0.38333333333333336,9
4,0.2333333333333333,6
20,0.1957142857142857,7
5,0.1875,8
3,0.10666666666666666,9
2,0.09999999999999999,7
22,0.09384615384615384,13
21,0.092,5
0,0.08090909090909092,11
1,0.075,14
23,0.057272727272727274,11
